{"obs_rms_mean": 0.21195589005947113, "obs_rms_std": 0.696291983127594, "param_noise_stddev": 0.12160776493778987, "reference_Q_mean": -0.182416670024395, "reference_Q_std": 0.11534500122070312, "reference_action_mean": -0.02208339050412178, "reference_action_std": 0.08452474698424339, "reference_actor_Q_mean": -0.1075303927063942, "reference_actor_Q_std": 0.08759480714797974, "reference_perturbed_action_mean": 0.16828447580337524, "reference_perturbed_action_std": 0.7556210458278656, "rollout/Q_mean": 0.0017251626757206395, "rollout/actions_mean": 0.37239409335888923, "rollout/actions_std": 0.6411488048803538, "rollout/episode_steps": 0.0, "rollout/episodes": 0.0, "rollout/return": 0.0, "rollout/return_history": NaN, "total/duration": 18.500333070755005, "total/episodes": 0.0, "total/epochs": 1, "total/steps": 100, "total/steps_per_second": 5.405308089778593, "train/loss_actor": 0.09184721378376708, "train/loss_critic": 0.4430604138970375, "train/param_noise_distance": 0.622790484726429}
{"obs_rms_mean": 0.18385550379753113, "obs_rms_std": 0.6738258600234985, "param_noise_stddev": 0.07394224246582377, "reference_Q_mean": -0.2115490958094597, "reference_Q_std": 0.1559811644256115, "reference_action_mean": -0.06784898601472378, "reference_action_std": 0.278329998254776, "reference_actor_Q_mean": -0.029480519238859415, "reference_actor_Q_std": 0.11009440198540688, "reference_perturbed_action_mean": -0.02119305357336998, "reference_perturbed_action_std": 0.46023961901664734, "rollout/Q_mean": -0.05613760430453112, "rollout/actions_mean": 0.4243090283847414, "rollout/actions_std": 0.6137449577721151, "rollout/episode_steps": 132.5, "rollout/episodes": 2.0, "rollout/return": -32.30355759607534, "rollout/return_history": -32.30355759607534, "total/duration": 30.771695971488953, "total/episodes": 1.0, "total/epochs": 2, "total/steps": 200, "total/steps_per_second": 6.499479268004299, "train/loss_actor": 0.10297564600594342, "train/loss_critic": 0.21093680188059807, "train/param_noise_distance": 0.4327345058321953}
{"obs_rms_mean": 0.17186273634433746, "obs_rms_std": 0.6565517783164978, "param_noise_stddev": 0.045863445263280886, "reference_Q_mean": -0.22130539268255234, "reference_Q_std": 0.19670961052179337, "reference_action_mean": -0.08829525485634804, "reference_action_std": 0.5077857375144958, "reference_actor_Q_mean": 0.003116046078503132, "reference_actor_Q_std": 0.148956760764122, "reference_perturbed_action_mean": -0.05842567142099142, "reference_perturbed_action_std": 0.4708976298570633, "rollout/Q_mean": -0.04038980394349589, "rollout/actions_mean": 0.4266384384542471, "rollout/actions_std": 0.566981065652441, "rollout/episode_steps": 128.0, "rollout/episodes": 4.0, "rollout/return": -14.568138102768676, "rollout/return_history": -14.568138102768676, "total/duration": 43.10302758216858, "total/episodes": 2.0, "total/epochs": 3, "total/steps": 300, "total/steps_per_second": 6.960067931059324, "train/loss_actor": 0.04696603419724852, "train/loss_critic": 0.09976159639656544, "train/param_noise_distance": 0.2809051564335823}
{"obs_rms_mean": 0.14439216256141663, "obs_rms_std": 0.666062593460083, "param_noise_stddev": 0.04407386942827646, "reference_Q_mean": -0.2008080668747425, "reference_Q_std": 0.2200552448630333, "reference_action_mean": -0.055295566096901894, "reference_action_std": 0.6404483914375305, "reference_actor_Q_mean": -0.008593734353780746, "reference_actor_Q_std": 0.18461298197507858, "reference_perturbed_action_mean": -0.04035678319633007, "reference_perturbed_action_std": 0.5360437035560608, "rollout/Q_mean": -0.024502777741727187, "rollout/actions_mean": 0.4908415740363125, "rollout/actions_std": 0.5144444226106795, "rollout/episode_steps": 116.33333333333333, "rollout/episodes": 6.0, "rollout/return": -11.958868042441395, "rollout/return_history": -11.958868042441395, "total/duration": 72.51864755153656, "total/episodes": 3.0, "total/epochs": 4, "total/steps": 400, "total/steps_per_second": 5.515822667790678, "train/loss_actor": 0.042905559255741535, "train/loss_critic": 0.04772893343120813, "train/param_noise_distance": 0.2058584536612034}
{"obs_rms_mean": 0.1395016461610794, "obs_rms_std": 0.6283949613571167, "param_noise_stddev": 0.04407386942827646, "reference_Q_mean": -0.18477021902799606, "reference_Q_std": 0.26193607598543167, "reference_action_mean": -0.0008064905559876934, "reference_action_std": 0.7059863209724426, "reference_actor_Q_mean": -0.037518370896577835, "reference_actor_Q_std": 0.2526336535811424, "reference_perturbed_action_mean": -0.045759810134768486, "reference_perturbed_action_std": 0.5781594812870026, "rollout/Q_mean": -0.02333737655368168, "rollout/actions_mean": 0.49318092956452164, "rollout/actions_std": 0.4758986478253394, "rollout/episode_steps": 113.14285714285714, "rollout/episodes": 7.0, "rollout/return": -9.162502970745905, "rollout/return_history": -9.09108967470449, "total/duration": 101.69666516780853, "total/episodes": 3.5, "total/epochs": 5, "total/steps": 500, "total/steps_per_second": 4.9165820646800835, "train/loss_actor": 0.027767529455013575, "train/loss_critic": 0.027106017004698515, "train/param_noise_distance": 0.19885608077049255}
